repo_name,cbo_mean,dit_mean,lcom_mean
krahets/hello-algo,1.8744186046511628,1.0,4.706976744186046
GrowingGit/GitHub-Chinese-Top-Charts,0.0,1.0,0.0
iluwatar/java-design-patterns,3.3658922914466736,1.197465681098205,1.8405491024287224
macrozheng/mall,3.9407894736842106,1.2394736842105263,1110.803947368421
spring-projects/spring-boot,5.402245303192302,1.2948678784175958,12.681075301664885
doocs/advanced-java,0.0,1.0,0.0
MisterBooo/LeetCodeAnimation,1.0,1.0,0.0
Stirling-Tools/Stirling-PDF,8.047863247863248,1.2324786324786325,16.499145299145297
