repo_name,cbo_mean,dit_mean,lcom_mean,cbo_total,dit_total,lcom_total
krahets/hello-algo,1.8744186046511628,1.0,4.706976744186046,403,215,1012
GrowingGit/GitHub-Chinese-Top-Charts,0.0,1.0,0.0,0,1,0
iluwatar/java-design-patterns,3.3658922914466736,1.197465681098205,1.8405491024287224,6375,2268,3486
macrozheng/mall,3.9407894736842106,1.2394736842105263,1110.803947368421,2995,942,844211
